{
  "total": 49,
  "p_at_k_mean": 0.006802721088435374,
  "r_at_k_mean": 0.02040816326530612,
  "ndcg_at_k_mean": 0.01020408163265306,
  "mrr_at_k_mean": 0.006802721088435374,
  "map_at_k_mean": 0.006802721088435374,
  "avg_latency_ms": 537.2448979591836,
  "hit_rate": 0.02040816326530612,
  "ndcg_threshold": 0.3,
  "passed": false,
  "failure_reason": "nDCG 0.010 < threshold 0.3; Hit rate 0.020 < threshold 0.5"
}
