{
  "total": 49,
  "p_at_k_mean": 0.08163265306122446,
  "r_at_k_mean": 0.1632653061224489,
  "ndcg_at_k_mean": 0.1744688263386231,
  "mrr_at_k_mean": 0.08163265306122446,
  "map_at_k_mean": 0.027210884353741503,
  "avg_latency_ms": 535.7142857142857,
  "hit_rate": 0.4897959183673469,
  "ndcg_threshold": 0.3,
  "passed": false,
  "failure_reason": "nDCG 0.174 < threshold 0.3; Hit rate 0.490 < threshold 0.5"
}
